--
-- PostgreSQL database dump
--

-- Dumped from database version 16.1
-- Dumped by pg_dump version 16.1

SET statement_timeout = 0;
SET lock_timeout = 0;
SET idle_in_transaction_session_timeout = 0;
SET client_encoding = 'UTF8';
SET standard_conforming_strings = on;
SELECT pg_catalog.set_config('search_path', '', false);
SET check_function_bodies = false;
SET xmloption = content;
SET client_min_messages = warning;
SET row_security = off;

SET default_tablespace = '';

SET default_table_access_method = heap;

--
-- Name: courses; Type: TABLE; Schema: public; Owner: postgres
--

CREATE TABLE public.courses (
    id integer NOT NULL,
    name character varying(255) NOT NULL,
    price integer DEFAULT 0,
    created_at timestamp without time zone DEFAULT now(),
    updated_at timestamp without time zone DEFAULT now()
);


ALTER TABLE public.courses OWNER TO postgres;

--
-- Name: courses_id_seq; Type: SEQUENCE; Schema: public; Owner: postgres
--

ALTER TABLE public.courses ALTER COLUMN id ADD GENERATED BY DEFAULT AS IDENTITY (
    SEQUENCE NAME public.courses_id_seq
    START WITH 1
    INCREMENT BY 1
    NO MINVALUE
    NO MAXVALUE
    CACHE 1
);


--
-- Name: phones; Type: TABLE; Schema: public; Owner: postgres
--

CREATE TABLE public.phones (
    id integer NOT NULL,
    phone character varying(15) NOT NULL,
    user_id integer,
    created_at timestamp without time zone DEFAULT now(),
    updated_at timestamp without time zone DEFAULT now()
);


ALTER TABLE public.phones OWNER TO postgres;

--
-- Name: phones_id_seq; Type: SEQUENCE; Schema: public; Owner: postgres
--

ALTER TABLE public.phones ALTER COLUMN id ADD GENERATED BY DEFAULT AS IDENTITY (
    SEQUENCE NAME public.phones_id_seq
    START WITH 1
    INCREMENT BY 1
    NO MINVALUE
    NO MAXVALUE
    CACHE 1
);


--
-- Name: posts; Type: TABLE; Schema: public; Owner: postgres
--

CREATE TABLE public.posts (
    id integer NOT NULL,
    title character varying(255) NOT NULL,
    content text NOT NULL,
    user_id integer,
    created_at timestamp without time zone DEFAULT now(),
    updated_at timestamp without time zone DEFAULT now()
);


ALTER TABLE public.posts OWNER TO postgres;

--
-- Name: posts_id_seq; Type: SEQUENCE; Schema: public; Owner: postgres
--

ALTER TABLE public.posts ALTER COLUMN id ADD GENERATED BY DEFAULT AS IDENTITY (
    SEQUENCE NAME public.posts_id_seq
    START WITH 1
    INCREMENT BY 1
    NO MINVALUE
    NO MAXVALUE
    CACHE 1
);


--
-- Name: users; Type: TABLE; Schema: public; Owner: postgres
--

CREATE TABLE public.users (
    id integer NOT NULL,
    name character varying(30) NOT NULL,
    email character varying(100) NOT NULL,
    password character varying(100) NOT NULL,
    status boolean DEFAULT false,
    created_at timestamp without time zone DEFAULT now(),
    updated_at timestamp without time zone DEFAULT now()
);


ALTER TABLE public.users OWNER TO postgres;

--
-- Name: users_courses; Type: TABLE; Schema: public; Owner: postgres
--

CREATE TABLE public.users_courses (
    id integer NOT NULL,
    user_id integer,
    course_id integer,
    created_at timestamp without time zone DEFAULT now(),
    updated_at timestamp without time zone DEFAULT now()
);


ALTER TABLE public.users_courses OWNER TO postgres;

--
-- Name: users_courses_id_seq; Type: SEQUENCE; Schema: public; Owner: postgres
--

ALTER TABLE public.users_courses ALTER COLUMN id ADD GENERATED BY DEFAULT AS IDENTITY (
    SEQUENCE NAME public.users_courses_id_seq
    START WITH 1
    INCREMENT BY 1
    NO MINVALUE
    NO MAXVALUE
    CACHE 1
);


--
-- Name: users_id_seq; Type: SEQUENCE; Schema: public; Owner: postgres
--

ALTER TABLE public.users ALTER COLUMN id ADD GENERATED BY DEFAULT AS IDENTITY (
    SEQUENCE NAME public.users_id_seq
    START WITH 1
    INCREMENT BY 1
    NO MINVALUE
    NO MAXVALUE
    CACHE 1
);


--
-- Data for Name: courses; Type: TABLE DATA; Schema: public; Owner: postgres
--

COPY public.courses (id, name, price, created_at, updated_at) FROM stdin;
1	Java	200000	2023-12-23 20:41:20.549999	2023-12-23 20:41:20.549999
2	Fullstack	3000000	2023-12-23 20:41:20.549999	2023-12-23 20:41:20.549999
3	Fontend	400000	2023-12-23 20:41:20.549999	2023-12-23 20:41:20.549999
\.


--
-- Data for Name: phones; Type: TABLE DATA; Schema: public; Owner: postgres
--

COPY public.phones (id, phone, user_id, created_at, updated_at) FROM stdin;
1	0313456789	1	2023-12-23 20:36:17.794727	2023-12-23 20:36:17.794727
3	0974659876	2	2023-12-23 20:39:09.451749	2023-12-23 20:39:09.451749
4	0376573894	3	2023-12-23 20:39:09.451749	2023-12-23 20:39:09.451749
\.


--
-- Data for Name: posts; Type: TABLE DATA; Schema: public; Owner: postgres
--

COPY public.posts (id, title, content, user_id, created_at, updated_at) FROM stdin;
1	Post 1	hello, this is post 1	1	2023-12-23 20:43:14.148498	2023-12-23 20:43:14.148498
2	Post 2	hello, this is post 2	2	2023-12-23 20:43:14.148498	2023-12-23 20:43:14.148498
3	Post 3	hello, this is post 3	3	2023-12-23 20:43:14.148498	2023-12-23 20:43:14.148498
\.


--
-- Data for Name: users; Type: TABLE DATA; Schema: public; Owner: postgres
--

COPY public.users (id, name, email, password, status, created_at, updated_at) FROM stdin;
1	User 1	user1@gmail.com\n	123456	t	2023-12-23 20:34:38.802997	2023-12-23 20:34:38.802997
2	User 2\n	user2@gmail.com\n	234567	t	2023-12-23 20:34:38.802997	2023-12-23 20:34:38.802997
3	User 3	user3@gmail.com\n	213455	t	2023-12-23 20:34:38.802997	2023-12-23 20:34:38.802997
\.


--
-- Data for Name: users_courses; Type: TABLE DATA; Schema: public; Owner: postgres
--

COPY public.users_courses (id, user_id, course_id, created_at, updated_at) FROM stdin;
1	1	1	2023-12-23 20:44:47.896349	2023-12-23 20:44:47.896349
2	2	2	2023-12-23 20:44:47.896349	2023-12-23 20:44:47.896349
3	3	3	2023-12-23 20:44:47.896349	2023-12-23 20:44:47.896349
\.


--
-- Name: courses_id_seq; Type: SEQUENCE SET; Schema: public; Owner: postgres
--

SELECT pg_catalog.setval('public.courses_id_seq', 3, true);


--
-- Name: phones_id_seq; Type: SEQUENCE SET; Schema: public; Owner: postgres
--

SELECT pg_catalog.setval('public.phones_id_seq', 4, true);


--
-- Name: posts_id_seq; Type: SEQUENCE SET; Schema: public; Owner: postgres
--

SELECT pg_catalog.setval('public.posts_id_seq', 3, true);


--
-- Name: users_courses_id_seq; Type: SEQUENCE SET; Schema: public; Owner: postgres
--

SELECT pg_catalog.setval('public.users_courses_id_seq', 3, true);


--
-- Name: users_id_seq; Type: SEQUENCE SET; Schema: public; Owner: postgres
--

SELECT pg_catalog.setval('public.users_id_seq', 3, true);


--
-- Name: courses courses_pkey; Type: CONSTRAINT; Schema: public; Owner: postgres
--

ALTER TABLE ONLY public.courses
    ADD CONSTRAINT courses_pkey PRIMARY KEY (id);


--
-- Name: phones phones_phone_key; Type: CONSTRAINT; Schema: public; Owner: postgres
--

ALTER TABLE ONLY public.phones
    ADD CONSTRAINT phones_phone_key UNIQUE (phone);


--
-- Name: phones phones_pkey; Type: CONSTRAINT; Schema: public; Owner: postgres
--

ALTER TABLE ONLY public.phones
    ADD CONSTRAINT phones_pkey PRIMARY KEY (id);


--
-- Name: posts posts_pkey; Type: CONSTRAINT; Schema: public; Owner: postgres
--

ALTER TABLE ONLY public.posts
    ADD CONSTRAINT posts_pkey PRIMARY KEY (id);


--
-- Name: users_courses users_courses_pkey; Type: CONSTRAINT; Schema: public; Owner: postgres
--

ALTER TABLE ONLY public.users_courses
    ADD CONSTRAINT users_courses_pkey PRIMARY KEY (id);


--
-- Name: users users_pkey; Type: CONSTRAINT; Schema: public; Owner: postgres
--

ALTER TABLE ONLY public.users
    ADD CONSTRAINT users_pkey PRIMARY KEY (id);


--
-- Name: phones phones_user_id_fkey; Type: FK CONSTRAINT; Schema: public; Owner: postgres
--

ALTER TABLE ONLY public.phones
    ADD CONSTRAINT phones_user_id_fkey FOREIGN KEY (user_id) REFERENCES public.users(id);


--
-- Name: posts posts_user_id_fkey; Type: FK CONSTRAINT; Schema: public; Owner: postgres
--

ALTER TABLE ONLY public.posts
    ADD CONSTRAINT posts_user_id_fkey FOREIGN KEY (user_id) REFERENCES public.users(id);


--
-- Name: users_courses users_courses_user_id_fkey; Type: FK CONSTRAINT; Schema: public; Owner: postgres
--

ALTER TABLE ONLY public.users_courses
    ADD CONSTRAINT users_courses_user_id_fkey FOREIGN KEY (user_id) REFERENCES public.users(id);


--
-- Name: users_courses users_courses_user_id_fkey1; Type: FK CONSTRAINT; Schema: public; Owner: postgres
--

ALTER TABLE ONLY public.users_courses
    ADD CONSTRAINT users_courses_user_id_fkey1 FOREIGN KEY (user_id) REFERENCES public.courses(id);


--
-- PostgreSQL database dump complete
--

